Date,Close_^GSPC,High_^GSPC,Low_^GSPC,Open_^GSPC,Volume_^GSPC
2015-01-01,2025.9000244140625,2072.360107421875,1992.43994140625,2058.89990234375,14773410000
2015-01-08,2011.27001953125,2064.429931640625,1988.43994140625,2030.6099853515625,19240590000
2015-01-15,2032.1199951171875,2038.2900390625,1988.1199951171875,2013.75,16007540000
2015-01-22,2002.1600341796875,2064.6201171875,2001.489990234375,2034.300048828125,18612710000
2015-01-29,2041.510009765625,2054.739990234375,1980.9000244140625,2002.449951171875,21461940000
2015-02-05,2068.530029296875,2073.47998046875,2041.8800048828125,2043.449951171875,18871210000
2015-02-12,2099.679931640625,2101.300048828125,2069.97998046875,2069.97998046875,14047570000
2015-02-19,2113.860107421875,2119.590087890625,2085.43994140625,2099.25,16134560000
2015-02-26,2098.530029296875,2117.52001953125,2094.489990234375,2113.909912109375,17048970000
2015-03-05,2040.239990234375,2104.25,2039.68994140625,2098.5400390625,17381160000
2015-03-12,2099.5,2106.85009765625,2041.0999755859375,2041.0999755859375,17550070000
2015-03-19,2061.050048828125,2114.860107421875,2061.050048828125,2098.68994140625,18838260000
2015-03-26,2059.68994140625,2088.969970703125,2045.5,2059.93994140625,16356730000
2015-04-02,2081.89990234375,2089.81005859375,2056.52001953125,2060.030029296875,12729770000
2015-04-09,2106.6298828125,2111.909912109375,2074.2900390625,2081.2900390625,16552010000
2015-04-16,2107.9599609375,2111.300048828125,2072.3701171875,2105.9599609375,16653770000
2015-04-23,2106.85009765625,2125.919921875,2094.889892578125,2107.2099609375,18072440000
2015-04-30,2080.14990234375,2120.949951171875,2067.929931640625,2105.52001953125,18566810000
2015-05-07,2098.47998046875,2117.68994140625,2074.989990234375,2079.9599609375,16582530000
2015-05-14,2125.85009765625,2134.719970703125,2100.429931640625,2100.429931640625,15527920000
2015-05-21,2123.47998046875,2134.280029296875,2099.179931640625,2125.550048828125,12112410000
2015-05-28,2114.070068359375,2122.27001953125,2099.139892578125,2122.27001953125,16068780000
2015-06-04,2105.199951171875,2112.889892578125,2072.139892578125,2112.35009765625,15809790000
2015-06-11,2100.43994140625,2115.02001953125,2072.489990234375,2106.239990234375,15051710000
2015-06-18,2108.580078125,2129.8701171875,2101.580078125,2101.580078125,17193860000
2015-06-25,2077.419921875,2116.0400390625,2056.320068359375,2109.9599609375,19724840000
2015-07-02,2046.6800537109375,2085.06005859375,2044.02001953125,2078.030029296875,14550340000
2015-07-09,2107.39990234375,2114.139892578125,2049.72998046875,2049.72998046875,15872540000
2015-07-16,2114.14990234375,2132.820068359375,2110.0,2110.550048828125,16873460000
2015-07-23,2108.570068359375,2116.8701171875,2063.52001953125,2114.159912109375,19636240000
2015-07-30,2099.840087890625,2114.239990234375,2087.31005859375,2106.780029296875,18252910000
2015-08-06,2086.050048828125,2105.35009765625,2052.090087890625,2100.75,19341360000
2015-08-13,2079.610107421875,2103.469970703125,2070.530029296875,2086.18994140625,15347490000
2015-08-20,1940.510009765625,2076.610107421875,1867.010009765625,2076.610107421875,26075210000
2015-08-27,1948.8599853515625,1993.47998046875,1903.0699462890625,1942.77001953125,20985040000
2015-09-03,1942.0400390625,1988.6300048828125,1911.2099609375,1950.7900390625,13888560000
2015-09-10,1995.31005859375,1997.260009765625,1937.18994140625,1941.5899658203125,16715650000
2015-09-17,1938.760009765625,2020.8599853515625,1929.219970703125,1995.3299560546875,20473170000
2015-09-24,1920.030029296875,1952.8900146484375,1871.9100341796875,1934.81005859375,20797520000
2015-10-01,1995.8299560546875,1999.31005859375,1893.699951171875,1919.6500244140625,21565530000
2015-10-08,1994.239990234375,2022.3399658203125,1987.530029296875,1994.010009765625,17585800000
2015-10-15,2018.93994140625,2039.1199951171875,1996.469970703125,1996.469970703125,17588330000
2015-10-22,2090.35009765625,2090.35009765625,2021.8800048828125,2021.8800048828125,20840100000
2015-10-29,2102.31005859375,2116.47998046875,2079.340087890625,2088.35009765625,20376090000
2015-11-05,2075.0,2108.780029296875,2068.239990234375,2101.679931640625,19817110000
2015-11-12,2083.580078125,2085.31005859375,2019.3900146484375,2072.2900390625,20390100000
2015-11-19,2088.8701171875,2097.06005859375,2070.2900390625,2083.699951171875,17883560000
2015-11-26,2079.510009765625,2104.27001953125,2077.110107421875,2088.820068359375,13404630000
2015-12-03,2047.6199951171875,2093.840087890625,2036.530029296875,2080.7099609375,21124040000
2015-12-10,2073.070068359375,2076.719970703125,1993.260009765625,2047.9300537109375,21617640000
2015-12-17,2064.2900390625,2076.3701171875,2005.3299560546875,2073.760009765625,21775690000
2015-12-24,2063.360107421875,2081.56005859375,2044.199951171875,2063.52001953125,8813800000
2015-12-31,1990.260009765625,2062.5400390625,1979.050048828125,2060.590087890625,15003490000
2016-01-07,1890.280029296875,1985.3199462890625,1886.4100341796875,1985.3199462890625,24323110000
2016-01-14,1859.3299560546875,1934.469970703125,1812.2900390625,1891.6800537109375,22053990000
2016-01-21,1882.949951171875,1916.989990234375,1848.97998046875,1861.4599609375,23493930000
2016-01-28,1912.530029296875,1947.199951171875,1872.22998046875,1885.219970703125,24149250000
2016-02-04,1851.8599853515625,1927.3499755859375,1828.4599609375,1911.6700439453125,25414110000
2016-02-11,1926.8199462890625,1930.6800537109375,1810.0999755859375,1847.0,19779930000
2016-02-18,1929.800048828125,1946.699951171875,1891.0,1927.5699462890625,20841950000
2016-02-25,1986.449951171875,1986.510009765625,1925.4100341796875,1931.8699951171875,22541260000
2016-03-03,1989.260009765625,2009.1300048828125,1977.3699951171875,1985.5999755859375,24779580000
2016-03-10,2027.219970703125,2032.02001953125,1969.25,1990.969970703125,19560560000
2016-03-17,2036.7099609375,2056.60009765625,2022.1600341796875,2026.9000244140625,21468190000
2016-03-24,2063.949951171875,2072.2099609375,2022.489990234375,2032.47998046875,13629450000
2016-03-31,2066.659912109375,2075.070068359375,2042.56005859375,2063.77001953125,18856700000
2016-04-07,2082.419921875,2083.179931640625,2033.800048828125,2063.010009765625,19160190000
2016-04-14,2102.39990234375,2111.050048828125,2073.64990234375,2082.889892578125,18865910000
2016-04-21,2095.14990234375,2103.780029296875,2077.52001953125,2102.090087890625,18942910000
2016-04-28,2051.1201171875,2099.300048828125,2045.550048828125,2090.929931640625,21087620000
2016-05-05,2064.4599609375,2084.8701171875,2039.449951171875,2052.949951171875,19015680000
2016-05-12,2047.6300048828125,2073.989990234375,2034.489990234375,2067.169921875,19073910000
2016-05-19,2090.5400390625,2094.72998046875,2025.9100341796875,2044.2099609375,17896400000
2016-05-26,2099.330078125,2103.47998046875,2085.10009765625,2091.43994140625,14349720000
2016-06-02,2119.1201171875,2120.550048828125,2085.360107421875,2097.7099609375,17799310000
2016-06-09,2071.5,2117.639892578125,2064.10009765625,2115.64990234375,17501850000
2016-06-16,2085.449951171875,2100.659912109375,2050.3701171875,2066.360107421875,18449390000
2016-06-23,2070.77001953125,2113.320068359375,1991.6800537109375,2092.800048828125,24954160000
2016-06-30,2099.72998046875,2108.7099609375,2070.0,2073.169921875,15649470000
2016-07-07,2152.429931640625,2156.449951171875,2089.389892578125,2100.419921875,18065530000
2016-07-14,2173.02001953125,2175.6298828125,2155.7900390625,2157.8798828125,15777720000
2016-07-21,2166.580078125,2175.110107421875,2159.070068359375,2172.909912109375,16957270000
2016-07-28,2163.7900390625,2178.2900390625,2147.580078125,2166.050048828125,18844350000
2016-08-04,2175.489990234375,2187.659912109375,2159.070068359375,2163.510009765625,17289070000
2016-08-11,2182.219970703125,2193.81005859375,2168.5,2177.969970703125,16087660000
2016-08-18,2175.43994140625,2193.419921875,2171.25,2181.89990234375,15352690000
2016-08-25,2170.949951171875,2187.93994140625,2160.389892578125,2173.2900390625,15739620000
2016-09-01,2186.159912109375,2187.8701171875,2157.090087890625,2171.330078125,13250310000
2016-09-08,2125.77001953125,2184.93994140625,2119.1201171875,2182.760009765625,19778050000
2016-09-15,2163.1201171875,2165.110107421875,2122.360107421875,2125.360107421875,18332730000
2016-09-22,2171.3701171875,2179.989990234375,2141.550048828125,2170.93994140625,17288110000
2016-09-29,2159.72998046875,2175.300048828125,2144.010009765625,2168.89990234375,19088080000
2016-10-06,2139.179931640625,2169.60009765625,2128.840087890625,2158.219970703125,16251350000
2016-10-13,2144.2900390625,2149.18994140625,2114.719970703125,2130.260009765625,16096310000
2016-10-20,2139.429931640625,2154.7900390625,2130.090087890625,2142.510009765625,17689980000
2016-10-27,2097.93994140625,2147.1298828125,2094.0,2144.06005859375,20992540000
2016-11-03,2163.260009765625,2170.10009765625,2083.7900390625,2098.800048828125,21663170000
2016-11-10,2176.93994140625,2182.300048828125,2151.169921875,2167.489990234375,25222120000
2016-11-17,2204.719970703125,2204.800048828125,2176.64990234375,2178.610107421875,18384500000
2016-11-24,2198.81005859375,2214.10009765625,2198.14990234375,2206.27001953125,14347280000
2016-12-01,2241.35009765625,2241.6298828125,2187.43994140625,2200.169921875,21109730000
2016-12-08,2253.280029296875,2277.530029296875,2237.570068359375,2241.1298828125,20413880000
2016-12-15,2265.179931640625,2272.56005859375,2253.77001953125,2253.77001953125,19516310000
2016-12-22,2249.919921875,2273.820068359375,2249.110107421875,2262.929931640625,9294380000
2016-12-29,2270.75,2272.820068359375,2233.6201171875,2249.5,12552150000
2017-01-05,2275.320068359375,2282.10009765625,2260.449951171875,2268.179931640625,17612530000
2017-01-12,2271.889892578125,2278.679931640625,2254.25,2271.139892578125,13461520000
2017-01-19,2298.3701171875,2299.550048828125,2257.02001953125,2271.89990234375,17526770000
2017-01-26,2279.550048828125,2300.989990234375,2267.2099609375,2298.6298828125,18352890000
2017-02-02,2294.669921875,2299.39990234375,2271.64990234375,2276.68994140625,17592530000
2017-02-09,2349.25,2351.300048828125,2296.610107421875,2296.699951171875,17844480000
2017-02-16,2362.820068359375,2366.7099609375,2338.8701171875,2349.639892578125,14253420000
2017-02-23,2395.9599609375,2400.97998046875,2352.8701171875,2367.5,19998950000
2017-03-02,2362.97998046875,2394.75,2361.010009765625,2394.75,17972880000
2017-03-09,2385.260009765625,2390.010009765625,2354.5400390625,2363.489990234375,17402750000
2017-03-16,2348.449951171875,2388.10009765625,2336.449951171875,2387.7099609375,19464310000
2017-03-23,2361.1298828125,2363.780029296875,2322.25,2345.969970703125,15960020000
2017-03-30,2352.949951171875,2378.360107421875,2344.72998046875,2361.31005859375,16924140000
2017-04-06,2344.929931640625,2366.3701171875,2337.25,2353.7900390625,15372720000
2017-04-13,2338.169921875,2352.6298828125,2328.949951171875,2341.97998046875,12766640000
2017-04-20,2387.449951171875,2398.159912109375,2340.909912109375,2342.68994140625,19001490000
2017-04-27,2388.1298828125,2394.489990234375,2379.75,2389.699951171875,18780910000
2017-05-04,2399.6298828125,2403.8701171875,2380.35009765625,2389.7900390625,18648300000
2017-05-11,2357.030029296875,2405.77001953125,2356.2099609375,2394.840087890625,18108980000
2017-05-18,2404.389892578125,2405.580078125,2352.719970703125,2354.68994140625,17933520000
2017-05-25,2411.800048828125,2418.7099609375,2403.590087890625,2409.5400390625,14069040000
2017-06-01,2433.139892578125,2440.22998046875,2413.5400390625,2415.64990234375,17195810000
2017-06-08,2437.919921875,2446.199951171875,2415.699951171875,2434.27001953125,18634560000
2017-06-15,2435.610107421875,2453.820068359375,2418.530029296875,2424.139892578125,18964730000
2017-06-22,2440.68994140625,2450.419921875,2419.3798828125,2437.39990234375,19048120000
2017-06-29,2432.5400390625,2442.72998046875,2405.699951171875,2442.3798828125,12505220000
2017-07-06,2443.25,2445.760009765625,2407.699951171875,2423.43994140625,15593680000
2017-07-13,2473.830078125,2473.830078125,2441.68994140625,2444.989990234375,14645450000
2017-07-20,2477.830078125,2481.68994140625,2465.06005859375,2475.56005859375,17024810000
2017-07-27,2477.570068359375,2484.0400390625,2459.929931640625,2482.760009765625,17771930000
2017-08-03,2474.02001953125,2490.8701171875,2462.080078125,2476.030029296875,16495960000
2017-08-10,2468.110107421875,2474.929931640625,2437.75,2465.3798828125,15500970000
2017-08-17,2444.0400390625,2465.02001953125,2417.35009765625,2462.949951171875,14973510000
2017-08-24,2457.590087890625,2460.31005859375,2428.199951171875,2447.909912109375,13503190000
2017-08-31,2465.5400390625,2480.3798828125,2446.550048828125,2462.64990234375,12969030000
2017-09-07,2498.3701171875,2498.3701171875,2459.39990234375,2468.06005859375,16573250000
2017-09-14,2508.239990234375,2508.85009765625,2491.35009765625,2494.56005859375,18328470000
2017-09-21,2507.0400390625,2511.75,2488.030029296875,2507.159912109375,15713940000
2017-09-28,2537.739990234375,2540.530029296875,2502.929931640625,2503.409912109375,15713910000
2017-10-05,2555.239990234375,2555.239990234375,2540.02001953125,2540.860107421875,14398870000
2017-10-12,2561.260009765625,2564.110107421875,2548.31005859375,2552.8798828125,15126990000
2017-10-19,2557.14990234375,2578.2900390625,2544.0,2553.389892578125,16949570000
2017-10-26,2579.360107421875,2588.39990234375,2559.800048828125,2560.080078125,19133700000
2017-11-02,2594.3798828125,2597.02001953125,2566.169921875,2579.4599609375,18874460000
2017-11-09,2564.6201171875,2587.659912109375,2557.449951171875,2584.0,17969210000
2017-11-16,2597.080078125,2601.18994140625,2572.949951171875,2572.949951171875,15778810000
2017-11-23,2626.070068359375,2634.889892578125,2598.8701171875,2600.419921875,11987580000
2017-11-30,2629.27001953125,2665.18994140625,2605.52001953125,2633.929931640625,19743120000
2017-12-07,2662.85009765625,2671.8798828125,2626.530029296875,2628.3798828125,16702560000
2017-12-14,2679.25,2694.969970703125,2652.010009765625,2665.8701171875,19561350000
2017-12-21,2682.6201171875,2692.639892578125,2677.9599609375,2683.02001953125,9867720000
2017-12-28,2713.06005859375,2714.3701171875,2673.610107421875,2686.10009765625,11564110000
2018-01-04,2748.22998046875,2759.139892578125,2719.070068359375,2719.31005859375,17230140000
2018-01-11,2802.56005859375,2807.5400390625,2752.780029296875,2752.969970703125,15386130000
2018-01-18,2837.5400390625,2852.969970703125,2792.56005859375,2802.39990234375,18537420000
2018-01-25,2823.81005859375,2872.8701171875,2813.0400390625,2846.239990234375,19223540000
2018-02-01,2681.659912109375,2835.9599609375,2593.070068359375,2816.449951171875,24192090000
2018-02-08,2698.6298828125,2702.10009765625,2532.68994140625,2685.010009765625,22608650000
2018-02-15,2701.330078125,2754.419921875,2689.820068359375,2713.4599609375,14779020000
2018-02-22,2713.830078125,2789.14990234375,2697.77001953125,2710.419921875,18354210000
2018-03-01,2726.800048828125,2732.080078125,2647.320068359375,2715.219970703125,18935100000
2018-03-08,2749.47998046875,2801.89990234375,2722.64990234375,2732.75,16518790000
2018-03-15,2711.929931640625,2763.030029296875,2694.590087890625,2754.27001953125,19007680000
2018-03-22,2605.0,2695.679931640625,2585.889892578125,2691.360107421875,18769960000
2018-03-29,2644.68994140625,2659.070068359375,2553.800048828125,2614.409912109375,13973210000
2018-04-05,2642.18994140625,2672.080078125,2586.27001953125,2657.360107421875,16252610000
2018-04-12,2708.639892578125,2717.489990234375,2645.050048828125,2653.830078125,15752830000
2018-04-19,2639.39990234375,2702.840087890625,2612.669921875,2701.159912109375,17113470000
2018-04-26,2635.669921875,2682.8701171875,2625.409912109375,2651.64990234375,18284780000
2018-05-03,2697.7900390625,2701.27001953125,2594.6201171875,2628.080078125,18128350000
2018-05-10,2722.4599609375,2742.10009765625,2701.909912109375,2705.02001953125,15789520000
2018-05-17,2733.2900390625,2742.239990234375,2709.179931640625,2719.7099609375,16632200000
2018-05-24,2724.010009765625,2731.969970703125,2676.81005859375,2730.93994140625,13610810000
2018-05-31,2772.35009765625,2772.389892578125,2700.679931640625,2720.97998046875,18531830000
2018-06-07,2775.6298828125,2791.469970703125,2760.159912109375,2774.840087890625,17399530000
2018-06-14,2767.320068359375,2789.06005859375,2743.18994140625,2783.2099609375,19312340000
2018-06-21,2699.6298828125,2769.280029296875,2698.669921875,2769.280029296875,19840860000
2018-06-28,2713.219970703125,2743.260009765625,2691.989990234375,2698.68994140625,12054400000
2018-07-05,2774.02001953125,2795.580078125,2716.02001953125,2724.18994140625,14706790000
2018-07-12,2815.6201171875,2816.760009765625,2781.530029296875,2783.139892578125,14450360000
2018-07-19,2846.070068359375,2848.030029296875,2795.139892578125,2809.3701171875,16464910000
2018-07-26,2813.360107421875,2845.570068359375,2798.110107421875,2835.489990234375,17771090000
2018-08-02,2857.699951171875,2863.429931640625,2796.340087890625,2800.47998046875,15587600000
2018-08-09,2818.3701171875,2862.47998046875,2802.489990234375,2857.18994140625,16148580000
2018-08-16,2861.820068359375,2873.22998046875,2831.43994140625,2831.43994140625,14902050000
2018-08-23,2914.0400390625,2916.5,2854.030029296875,2860.2900390625,13685820000
2018-08-30,2888.60009765625,2912.4599609375,2876.919921875,2908.93994140625,12033870000
2018-09-06,2888.919921875,2894.64990234375,2864.1201171875,2888.639892578125,15117700000
2018-09-13,2907.949951171875,2912.360107421875,2886.159912109375,2896.85009765625,15815130000
2018-09-20,2905.969970703125,2940.909912109375,2903.280029296875,2919.72998046875,19199440000
2018-09-27,2925.510009765625,2939.860107421875,2907.5,2911.64990234375,16997060000
2018-10-04,2785.679931640625,2919.780029296875,2784.860107421875,2919.35009765625,18318960000
2018-10-11,2809.2099609375,2816.93994140625,2710.510009765625,2776.8701171875,19072610000
2018-10-18,2656.10009765625,2806.0400390625,2651.889892578125,2802.0,19676890000
2018-10-25,2711.739990234375,2736.68994140625,2603.5400390625,2674.8798828125,24428500000
2018-11-01,2813.889892578125,2815.14990234375,2700.43994140625,2717.580078125,20115270000
2018-11-08,2701.580078125,2814.75,2685.75,2806.3798828125,19966030000
2018-11-15,2649.929931640625,2746.75,2631.52001953125,2693.52001953125,19617090000
2018-11-22,2743.7900390625,2744.0,2631.090087890625,2633.360107421875,12654120000
2018-11-29,2700.06005859375,2800.179931640625,2697.179931640625,2736.969970703125,17004800000
2018-12-06,2651.070068359375,2708.5400390625,2583.22998046875,2663.510009765625,21578290000
2018-12-13,2506.9599609375,2670.18994140625,2488.9599609375,2658.699951171875,22376150000
2018-12-20,2467.699951171875,2509.6298828125,2346.580078125,2496.77001953125,20141080000
2018-12-27,2510.030029296875,2520.27001953125,2397.93994140625,2442.5,15062530000
2019-01-03,2584.9599609375,2595.320068359375,2443.9599609375,2491.919921875,20434890000
2019-01-10,2616.10009765625,2625.760009765625,2562.02001953125,2573.510009765625,18341490000
2019-01-17,2638.699951171875,2675.469970703125,2606.360107421875,2609.280029296875,15094140000
2019-01-24,2681.050048828125,2690.43994140625,2624.06005859375,2638.840087890625,18302390000
2019-01-31,2731.610107421875,2738.97998046875,2678.64990234375,2685.489990234375,19189950000
2019-02-07,2753.030029296875,2761.85009765625,2681.830078125,2717.530029296875,18686810000
2019-02-14,2784.699951171875,2789.8798828125,2731.22998046875,2743.5,14934170000
2019-02-21,2792.3798828125,2813.489990234375,2764.550048828125,2780.239990234375,18335860000
2019-02-28,2771.449951171875,2816.8798828125,2767.659912109375,2788.110107421875,19822020000
2019-03-07,2810.919921875,2821.239990234375,2722.27001953125,2766.530029296875,18335890000
2019-03-14,2824.22998046875,2852.419921875,2803.4599609375,2810.3798828125,20526120000
2019-03-21,2805.3701171875,2860.31005859375,2785.02001953125,2819.719970703125,17983430000
2019-03-28,2873.39990234375,2885.25,2798.77001953125,2809.39990234375,17335280000
2019-04-04,2888.2099609375,2895.949951171875,2867.139892578125,2873.989990234375,15375880000
2019-04-11,2900.449951171875,2918.0,2881.989990234375,2891.919921875,16862450000
2019-04-18,2927.25,2936.830078125,2891.89990234375,2904.81005859375,13660190000
2019-04-25,2923.72998046875,2954.1298828125,2912.840087890625,2928.989990234375,17463880000
2019-05-02,2879.419921875,2947.85009765625,2862.60009765625,2922.159912109375,17698900000
2019-05-09,2850.9599609375,2891.31005859375,2801.429931640625,2859.840087890625,17621860000
2019-05-16,2856.27001953125,2892.14990234375,2831.2900390625,2855.800048828125,16365310000
2019-05-23,2783.02001953125,2841.360107421875,2766.06005859375,2836.699951171875,14636640000
2019-05-30,2826.14990234375,2827.280029296875,2728.81005859375,2786.93994140625,18595950000
2019-06-06,2879.840087890625,2910.610107421875,2822.449951171875,2828.510009765625,16490280000
2019-06-13,2926.4599609375,2931.739990234375,2879.6201171875,2886.239990234375,15663610000
2019-06-20,2913.780029296875,2964.14990234375,2912.989990234375,2949.60009765625,19174340000
2019-06-27,2995.820068359375,2995.840087890625,2918.570068359375,2919.659912109375,17298070000
2019-07-04,2993.070068359375,3002.97998046875,2963.43994140625,2984.25,11548170000
2019-07-11,2984.419921875,3017.800048828125,2984.25,2999.6201171875,15498630000
2019-07-18,3019.56005859375,3019.590087890625,2973.090087890625,2978.8701171875,16438940000
2019-07-25,2980.3798828125,3027.97998046875,2958.080078125,3016.260009765625,18400810000
2019-08-01,2883.97998046875,3013.590087890625,2822.1201171875,2980.320068359375,21888830000
2019-08-08,2840.60009765625,2943.31005859375,2839.639892578125,2896.2099609375,18986290000
2019-08-15,2924.429931640625,2931.0,2825.510009765625,2846.199951171875,16871100000
2019-08-22,2887.93994140625,2939.080078125,2834.969970703125,2930.93994140625,16335940000
2019-08-29,2937.780029296875,2940.429931640625,2891.85009765625,2910.3701171875,12782790000
2019-09-05,3000.929931640625,3000.929931640625,2957.010009765625,2960.60009765625,19470470000
2019-09-12,3006.72998046875,3020.739990234375,2978.570068359375,3009.080078125,18771910000
2019-09-19,2984.8701171875,3021.989990234375,2952.860107421875,3010.360107421875,19760350000
2019-09-26,2887.610107421875,2992.530029296875,2874.929931640625,2985.72998046875,17055450000
2019-10-03,2919.39990234375,2959.75,2855.93994140625,2885.3798828125,15585830000
2019-10-10,2989.68994140625,3003.280029296875,2917.1201171875,2918.550048828125,15950400000
2019-10-17,3004.52001953125,3014.570068359375,2976.31005859375,3000.77001953125,16585540000
2019-10-24,3046.77001953125,3050.10009765625,3000.419921875,3014.780029296875,17974630000
2019-10-31,3076.780029296875,3085.199951171875,3023.18994140625,3046.89990234375,21239740000
2019-11-07,3094.0400390625,3102.610107421875,3073.580078125,3087.02001953125,17710550000
2019-11-14,3108.4599609375,3127.639892578125,3083.260009765625,3090.75,17736710000
2019-11-21,3153.6298828125,3154.260009765625,3094.550048828125,3108.489990234375,18129510000
2019-11-28,3112.760009765625,3150.300048828125,3070.330078125,3147.179931640625,12403730000
2019-12-05,3141.6298828125,3150.60009765625,3103.760009765625,3119.2099609375,16848220000
2019-12-12,3191.139892578125,3198.47998046875,3138.469970703125,3141.22998046875,19703940000
2019-12-19,3223.3798828125,3227.780029296875,3192.320068359375,3192.320068359375,14602900000
2019-12-26,3230.780029296875,3247.929931640625,3212.030029296875,3227.199951171875,10510170000
2020-01-02,3253.050048828125,3267.070068359375,3214.639892578125,3244.669921875,17809840000
2020-01-09,3289.2900390625,3298.659912109375,3260.860107421875,3266.030029296875,17724310000
2020-01-16,3321.75,3337.77001953125,3302.820068359375,3302.969970703125,14995420000
2020-01-23,3273.39990234375,3333.179931640625,3234.5,3315.77001953125,18438360000
2020-01-30,3334.68994140625,3337.580078125,3214.679931640625,3256.449951171875,20198890000
2020-02-06,3379.449951171875,3381.469970703125,3317.77001953125,3344.919921875,18777750000
2020-02-13,3386.14990234375,3393.52001953125,3355.610107421875,3365.89990234375,14285190000
2020-02-20,3116.389892578125,3389.14990234375,3108.989990234375,3380.449951171875,23860530000
2020-02-27,3130.1201171875,3136.719970703125,2855.840087890625,3062.5400390625,33465140000
2020-03-05,2741.3798828125,3083.0400390625,2707.219970703125,3075.699951171875,35649060000
2020-03-12,2398.10009765625,2711.330078125,2280.52001953125,2630.860107421875,42124880000
2020-03-19,2475.56005859375,2571.419921875,2191.860107421875,2393.47998046875,40284590000
2020-03-26,2470.5,2641.389892578125,2447.489990234375,2501.2900390625,32259990000
2020-04-02,2749.97998046875,2760.75,2455.7900390625,2458.5400390625,31891120000
2020-04-09,2783.360107421875,2851.85009765625,2721.169921875,2776.989990234375,24042810000
2020-04-16,2799.31005859375,2879.219970703125,2727.10009765625,2799.340087890625,26468180000
2020-04-23,2939.510009765625,2954.860107421875,2791.760009765625,2810.419921875,28697070000
2020-04-30,2848.419921875,2930.909912109375,2797.85009765625,2930.909912109375,26073580000
2020-05-07,2820.0,2945.820068359375,2793.14990234375,2878.260009765625,26145830000
2020-05-14,2971.610107421875,2980.2900390625,2766.639892578125,2794.5400390625,27522210000
2020-05-21,3036.1298828125,3036.25,2933.590087890625,2969.949951171875,21193980000
2020-05-28,3122.8701171875,3130.93994140625,2998.610107421875,3046.610107421875,28631450000
2020-06-04,3190.139892578125,3233.1298828125,3090.409912109375,3111.56005859375,36598690000
2020-06-11,3113.489990234375,3153.449951171875,2965.659912109375,3123.530029296875,29046390000
2020-06-18,3050.330078125,3155.530029296875,3032.1298828125,3101.639892578125,27791560000
2020-06-25,3115.860107421875,3128.43994140625,2999.739990234375,3046.60009765625,26584590000
2020-07-02,3169.93994140625,3184.14990234375,3124.52001953125,3143.639892578125,18465520000
2020-07-09,3226.56005859375,3238.280029296875,3115.699951171875,3176.169921875,23464250000
2020-07-16,3276.02001953125,3279.320068359375,3198.590087890625,3208.360107421875,20788820000
2020-07-23,3258.43994140625,3279.989990234375,3200.050048828125,3271.639892578125,20487860000
2020-07-30,3327.77001953125,3330.77001953125,3204.1298828125,3231.760009765625,22660830000
2020-08-06,3380.35009765625,3387.889892578125,3318.139892578125,3323.169921875,21369670000
2020-08-13,3374.85009765625,3399.5400390625,3361.639892578125,3372.949951171875,17448150000
2020-08-20,3478.72998046875,3481.070068359375,3354.68994140625,3360.47998046875,18087640000
2020-08-27,3580.840087890625,3588.110107421875,3468.35009765625,3485.139892578125,20569810000
2020-09-03,3398.9599609375,3564.85009765625,3329.27001953125,3564.739990234375,17977400000
2020-09-10,3385.489990234375,3428.919921875,3310.469970703125,3412.56005859375,20534390000
2020-09-17,3236.919921875,3375.169921875,3229.10009765625,3346.860107421875,24645470000
2020-09-24,3363.0,3393.56005859375,3209.449951171875,3226.139892578125,20756390000
2020-10-01,3419.43994140625,3431.56005859375,3323.68994140625,3385.8701171875,20012380000
2020-10-08,3488.669921875,3549.85009765625,3428.14990234375,3434.280029296875,18717100000
2020-10-15,3435.56005859375,3515.760009765625,3419.929931640625,3453.719970703125,20525470000
2020-10-22,3271.030029296875,3466.4599609375,3268.889892578125,3438.5,20928240000
2020-10-29,3443.43994140625,3486.25,3233.93994140625,3277.169921875,23102260000
2020-11-05,3572.659912109375,3645.989990234375,3484.340087890625,3485.739990234375,28944150000
2020-11-12,3567.7900390625,3628.510009765625,3518.580078125,3562.669921875,25021740000
2020-11-19,3629.64990234375,3642.31005859375,3543.840087890625,3559.409912109375,24848020000
2020-11-26,3669.010009765625,3678.449951171875,3594.389892578125,3638.550048828125,19546530000
2020-12-03,3672.820068359375,3712.389892578125,3657.169921875,3668.280029296875,24786650000
2020-12-10,3701.169921875,3711.27001953125,3633.39990234375,3659.1298828125,22111920000
2020-12-17,3690.010009765625,3726.699951171875,3636.47998046875,3713.64990234375,23870960000
2020-12-24,3732.0400390625,3756.1201171875,3689.320068359375,3694.030029296875,11967380000
2020-12-31,3748.139892578125,3783.0400390625,3662.7099609375,3733.27001953125,18849170000
2021-01-07,3809.840087890625,3826.68994140625,3764.7099609375,3764.7099609375,23935090000
2021-01-14,3851.85009765625,3859.75,3749.6201171875,3814.97998046875,20148930000
2021-01-21,3750.77001953125,3870.89990234375,3732.47998046875,3857.4599609375,32727510000
2021-01-28,3830.169921875,3847.510009765625,3694.1201171875,3755.75,29451330000
2021-02-04,3909.8798828125,3931.5,3836.659912109375,3836.659912109375,23812460000
2021-02-11,3931.330078125,3950.429931640625,3890.389892578125,3916.39990234375,18515660000
2021-02-18,3925.429931640625,3930.409912109375,3805.590087890625,3915.860107421875,27865470000
2021-02-25,3819.719970703125,3925.02001953125,3789.5400390625,3915.800048828125,29898030000
2021-03-04,3898.81005859375,3917.35009765625,3723.340087890625,3818.530029296875,31279120000
2021-03-11,3974.1201171875,3983.8701171875,3915.2099609375,3915.5400390625,23864000000
2021-03-18,3889.139892578125,3969.6201171875,3886.75,3953.5,26644300000
2021-03-25,3972.889892578125,3994.409912109375,3853.5,3879.340087890625,23759240000
2021-04-01,4079.949951171875,4086.22998046875,3992.780029296875,3992.780029296875,16369240000
2021-04-08,4124.66015625,4151.68994140625,4082.5400390625,4089.949951171875,18856460000
2021-04-15,4173.419921875,4191.31005859375,4118.3798828125,4139.759765625,20237430000
2021-04-22,4183.18017578125,4201.52978515625,4123.68994140625,4170.4599609375,19061400000
2021-04-29,4167.58984375,4218.77978515625,4128.58984375,4206.14013671875,21353160000
2021-05-06,4063.0400390625,4238.0400390625,4056.8798828125,4169.14013671875,22691560000
2021-05-13,4115.68017578125,4183.1298828125,4061.409912109375,4074.989990234375,21559070000
2021-05-20,4195.990234375,4213.419921875,4121.97021484375,4121.97021484375,20262070000
2021-05-27,4208.1201171875,4234.1201171875,4197.58984375,4201.93994140625,21963900000
2021-06-03,4219.5498046875,4237.08984375,4167.93017578125,4191.43017578125,23577560000
2021-06-10,4223.7001953125,4257.16015625,4202.4501953125,4228.56005859375,20961710000
2021-06-17,4241.83984375,4256.60009765625,4164.39990234375,4220.3701171875,23817380000
2021-06-24,4297.5,4302.43017578125,4256.97021484375,4256.97021484375,23279190000
2021-07-01,4358.1298828125,4361.8798828125,4300.72998046875,4300.72998046875,15361020000
2021-07-08,4374.2998046875,4393.68017578125,4289.3701171875,4321.06982421875,18964880000
2021-07-15,4358.68994140625,4375.08984375,4233.1298828125,4369.02001953125,21297140000
2021-07-22,4400.64013671875,4422.72998046875,4350.06005859375,4361.27001953125,20631240000
2021-07-29,4402.66015625,4429.97021484375,4373.0,4403.58984375,19951380000
2021-08-05,4442.41015625,4449.43994140625,4408.85986328125,4408.85986328125,18089730000
2021-08-12,4400.27001953125,4480.259765625,4397.58984375,4446.080078125,17354970000
2021-08-19,4496.18994140625,4501.7099609375,4367.72998046875,4382.43994140625,19051470000
2021-08-26,4524.08984375,4537.35986328125,4468.990234375,4493.75,18111890000
2021-09-02,4514.06982421875,4545.85009765625,4493.9501953125,4534.47998046875,14527360000
2021-09-09,4480.7001953125,4529.89990234375,4435.4599609375,4513.02001953125,18975270000
2021-09-16,4395.64013671875,4485.8701171875,4305.91015625,4477.08984375,24032250000
2021-09-23,4359.4599609375,4465.39990234375,4346.330078125,4406.75,19488500000
2021-09-30,4363.5498046875,4382.5498046875,4278.93994140625,4370.669921875,20678900000
2021-10-07,4363.7998046875,4429.97021484375,4329.919921875,4383.72998046875,17584390000
2021-10-14,4536.18994140625,4540.8701171875,4386.75,4386.75,18209560000
2021-10-21,4551.68017578125,4598.52978515625,4524.0,4532.240234375,19585740000
2021-10-28,4660.56982421875,4663.4599609375,4562.83984375,4562.83984375,20909600000
2021-11-04,4646.7099609375,4718.5,4630.85986328125,4662.93017578125,21819990000
2021-11-11,4688.669921875,4714.9501953125,4648.31005859375,4659.39013671875,19085590000
2021-11-18,4701.4599609375,4743.830078125,4652.66015625,4700.72021484375,20616710000
2021-11-25,4513.0400390625,4672.9501953125,4510.27001953125,4664.6298828125,19846830000
2021-12-02,4701.2099609375,4705.06005859375,4495.1201171875,4504.72998046875,23815050000
2021-12-09,4709.85009765625,4713.56982421875,4606.52001953125,4691.0,21566740000
2021-12-16,4696.56005859375,4731.990234375,4531.10009765625,4719.1298828125,24844330000
2021-12-23,4793.06005859375,4807.02001953125,4703.9599609375,4703.9599609375,11354560000
2021-12-30,4700.580078125,4818.6201171875,4699.43994140625,4794.22998046875,19204920000
2022-01-06,4726.35009765625,4748.830078125,4582.240234375,4693.39013671875,21138410000
2022-01-13,4532.759765625,4744.1298828125,4530.2001953125,4733.56005859375,17804660000
2022-01-20,4349.93017578125,4602.10986328125,4222.6201171875,4547.35009765625,27873770000
2022-01-27,4589.3798828125,4595.31005859375,4292.4599609375,4380.580078125,24642310000
2022-02-03,4587.18017578125,4590.02978515625,4451.5,4535.41015625,22320710000
2022-02-10,4475.009765625,4588.919921875,4364.83984375,4553.240234375,23881220000
2022-02-17,4225.5,4456.06005859375,4221.509765625,4456.06005859375,19166810000
2022-02-24,4386.5400390625,4401.47998046875,4114.64990234375,4155.77001953125,29184660000
2022-03-03,4277.8798828125,4416.77978515625,4157.8701171875,4401.31005859375,30683530000
2022-03-10,4357.85986328125,4358.89990234375,4161.72021484375,4252.5498046875,27196610000
2022-03-17,4456.240234375,4522.0,4335.64990234375,4345.10986328125,27438850000
2022-03-24,4602.4501953125,4637.2998046875,4465.169921875,4469.97998046875,22220150000
2022-03-31,4481.14990234375,4603.06982421875,4450.0400390625,4599.02001953125,23720760000
2022-04-07,4446.58984375,4521.16015625,4381.33984375,4474.64990234375,21151220000
2022-04-14,4459.4501953125,4488.2900390625,4370.2998046875,4449.1201171875,16392150000
2022-04-21,4183.9599609375,4512.93994140625,4162.89990234375,4489.169921875,23988520000
2022-04-28,4300.169921875,4308.4501953125,4062.510009765625,4222.580078125,24820410000
2022-05-05,3935.179931640625,4270.43017578125,3928.820068359375,4270.43017578125,27850450000
2022-05-12,3923.679931640625,4090.719970703125,3858.8701171875,3903.949951171875,25829450000
2022-05-19,3978.72998046875,3999.330078125,3810.320068359375,3899.0,24390060000
2022-05-26,4101.22998046875,4168.33984375,3984.60009765625,3984.60009765625,20440030000
2022-06-02,4115.77001953125,4177.509765625,4074.3701171875,4095.409912109375,20857280000
2022-06-09,3789.989990234375,4119.10009765625,3705.679931640625,4101.64990234375,25345070000
2022-06-16,3759.889892578125,3801.7900390625,3636.8701171875,3728.179931640625,24516920000
2022-06-23,3818.830078125,3945.860107421875,3743.52001953125,3774.7099609375,26025570000
2022-06-30,3845.080078125,3870.909912109375,3738.669921875,3785.989990234375,18381330000
2022-07-07,3801.780029296875,3918.5,3759.070068359375,3858.85009765625,18929470000
2022-07-14,3959.89990234375,3974.1298828125,3721.56005859375,3763.989990234375,20616730000
2022-07-21,4023.610107421875,4039.56005859375,3910.739990234375,3955.469970703125,19571500000
2022-07-28,4155.169921875,4167.66015625,3992.969970703125,4026.1298828125,22311640000
2022-08-04,4210.240234375,4211.02978515625,4107.31005859375,4154.85009765625,21049450000
2022-08-11,4274.0400390625,4325.27978515625,4201.41015625,4227.39990234375,20329890000
2022-08-18,4140.77001953125,4292.52978515625,4119.97021484375,4273.1298828125,18416250000
2022-08-25,3955.0,4203.0400390625,3954.530029296875,4153.259765625,19174480000
2022-09-01,3979.8701171875,4018.429931640625,3886.75,3936.72998046875,15835760000
2022-09-08,3946.010009765625,4119.27978515625,3912.179931640625,3959.93994140625,20200780000
2022-09-15,3789.929931640625,3959.139892578125,3789.489990234375,3932.409912109375,24299710000
2022-09-22,3719.0400390625,3790.89990234375,3623.2900390625,3782.360107421875,23577600000
2022-09-29,3783.280029296875,3806.909912109375,3584.1298828125,3687.010009765625,24573610000
2022-10-06,3577.030029296875,3797.929931640625,3568.449951171875,3771.969970703125,21301940000
2022-10-13,3695.159912109375,3762.7900390625,3491.580078125,3520.3701171875,22325030000
2022-10-20,3830.60009765625,3886.14990234375,3647.419921875,3689.050048828125,23983000000
2022-10-27,3759.68994140625,3911.7900390625,3758.679931640625,3834.68994140625,23347560000
2022-11-03,3748.570068359375,3859.39990234375,3698.14990234375,3733.25,23619740000
2022-11-10,3958.7900390625,4028.840087890625,3859.889892578125,3859.889892578125,25117130000
2022-11-17,4027.260009765625,4033.780029296875,3906.5400390625,3919.260009765625,19107540000
2022-11-24,4080.110107421875,4080.110107421875,3937.64990234375,4023.340087890625,15447290000
2022-12-01,3933.919921875,4100.509765625,3918.389892578125,4087.139892578125,21307000000
2022-12-08,3995.320068359375,4100.9599609375,3933.0400390625,3947.7900390625,21350990000
2022-12-15,3878.43994140625,3958.3701171875,3795.6201171875,3958.3701171875,23717740000
2022-12-22,3783.219970703125,3853.260009765625,3764.489990234375,3853.260009765625,12890050000
2022-12-29,3852.969970703125,3878.4599609375,3794.330078125,3805.449951171875,14356770000
2023-01-05,3969.610107421875,3970.070068359375,3802.419921875,3839.739990234375,20283170000
2023-01-12,3928.860107421875,4015.389892578125,3926.590087890625,3977.570068359375,16914230000
2023-01-19,4016.219970703125,4039.31005859375,3885.5400390625,3911.840087890625,18994520000
2023-01-26,4119.2099609375,4148.9501953125,4013.2900390625,4036.080078125,21055600000
2023-02-02,4117.85986328125,4195.43994140625,4088.389892578125,4158.68017578125,22818790000
2023-02-09,4147.60009765625,4159.77001953125,4060.7900390625,4144.25,19615520000
2023-02-16,3991.050048828125,4136.5400390625,3976.89990234375,4114.75,16390050000
2023-02-23,3951.389892578125,4028.300048828125,3939.050048828125,4018.60009765625,20960470000
2023-03-02,3992.010009765625,4078.489990234375,3928.159912109375,3938.679931640625,19788570000
2023-03-09,3891.929931640625,4017.81005859375,3808.860107421875,3998.659912109375,28781350000
2023-03-16,3936.969970703125,4039.489990234375,3864.110107421875,3878.929931640625,29850460000
2023-03-23,4027.81005859375,4030.590087890625,3909.159912109375,3959.2099609375,21968960000
2023-03-30,4090.3798828125,4133.1298828125,4032.10009765625,4046.739990234375,20886500000
2023-04-06,4091.949951171875,4134.3701171875,4069.840087890625,4081.14990234375,14209290000
2023-04-13,4154.52001953125,4169.47998046875,4099.39990234375,4100.0400390625,17892660000
2023-04-20,4055.989990234375,4148.56982421875,4049.35009765625,4130.47998046875,18490440000
2023-04-27,4090.75,4186.919921875,4075.2900390625,4075.2900390625,19892360000
2023-05-04,4137.64013671875,4154.27978515625,4048.280029296875,4082.550048828125,20615300000
2023-05-11,4158.77001953125,4164.669921875,4099.1201171875,4132.240234375,18542090000
2023-05-18,4115.240234375,4212.91015625,4103.97998046875,4157.68017578125,19645400000
2023-05-25,4179.830078125,4231.10009765625,4129.72998046875,4155.7099609375,18072400000
2023-06-01,4267.52001953125,4299.27978515625,4171.64013671875,4183.02978515625,21193710000
2023-06-08,4372.58984375,4391.81982421875,4261.06982421875,4268.68994140625,20086430000
2023-06-15,4365.68994140625,4448.47021484375,4360.14013671875,4365.330078125,18790410000
2023-06-22,4376.85986328125,4390.35009765625,4328.080078125,4355.39990234375,20292480000
2023-06-29,4446.81982421875,4458.47998046875,4371.97021484375,4374.93994140625,13137010000
2023-07-06,4472.16015625,4488.33984375,4385.0498046875,4422.6201171875,18286610000
2023-07-13,4565.72021484375,4578.43017578125,4489.35986328125,4491.5,19230900000
2023-07-20,4566.75,4582.47021484375,4527.56005859375,4554.3798828125,18990970000
2023-07-27,4513.39013671875,4607.06982421875,4505.75,4598.259765625,21350900000
2023-08-03,4467.7099609375,4540.33984375,4461.330078125,4494.27001953125,19474360000
2023-08-10,4404.330078125,4527.3701171875,4403.5498046875,4487.16015625,19740230000
2023-08-17,4436.009765625,4443.18017578125,4335.31005859375,4416.31982421875,18970980000
2023-08-24,4514.8701171875,4521.64990234375,4356.2900390625,4455.16015625,16395810000
2023-08-31,4465.47998046875,4541.25,4442.3798828125,4517.009765625,14137720000
2023-09-07,4467.43994140625,4490.77001953125,4430.4599609375,4434.5498046875,17358140000
2023-09-14,4402.2001953125,4511.990234375,4401.3798828125,4487.77978515625,20665510000
2023-09-21,4274.509765625,4375.7001953125,4238.6298828125,4374.35986328125,17555780000
2023-09-28,4263.75,4333.14990234375,4216.4501953125,4269.64990234375,19382280000
2023-10-05,4376.9501953125,4385.4599609375,4219.5498046875,4259.31005859375,17780030000
2023-10-12,4314.60009765625,4393.56982421875,4303.83984375,4380.93994140625,18170540000
2023-10-19,4186.77001953125,4339.5400390625,4181.419921875,4321.35986328125,19441050000
2023-10-26,4237.85986328125,4245.64013671875,4103.77978515625,4175.990234375,20682650000
2023-11-02,4382.77978515625,4391.2001953125,4268.259765625,4268.259765625,20417820000
2023-11-09,4502.8798828125,4521.169921875,4343.93994140625,4391.41015625,19939620000
2023-11-16,4556.6201171875,4568.43017578125,4487.830078125,4497.080078125,17940440000
2023-11-23,4550.580078125,4587.64013671875,4540.509765625,4555.83984375,13048490000
2023-11-30,4549.33984375,4599.39013671875,4537.240234375,4554.8701171875,22321960000
2023-12-07,4707.08984375,4709.68994140625,4565.22021484375,4568.83984375,20221130000
2023-12-14,4698.35009765625,4778.009765625,4694.33984375,4721.0400390625,26821650000
2023-12-21,4781.580078125,4785.39013671875,4708.35009765625,4724.2900390625,11740310000
2023-12-28,4704.81005859375,4793.2998046875,4699.7099609375,4786.43994140625,13518730000
2024-01-04,4783.4501953125,4790.7998046875,4682.10986328125,4697.419921875,18330810000
2024-01-11,4739.2099609375,4802.39990234375,4714.81982421875,4792.1298828125,15435380000
2024-01-18,4868.5498046875,4903.68017578125,4740.56982421875,4760.10009765625,20846640000
2024-01-25,4845.64990234375,4931.08984375,4845.14990234375,4886.66015625,19431240000
2024-02-01,4995.06005859375,4999.89013671875,4853.52001953125,4861.10986328125,21720550000
2024-02-08,5000.6201171875,5048.39013671875,4920.31005859375,4995.16015625,20208380000
2024-02-15,4981.7998046875,5038.7001953125,4946.0,5003.14013671875,15794510000
2024-02-22,5069.759765625,5111.06005859375,5038.830078125,5038.830078125,19123750000
2024-02-29,5104.759765625,5149.669921875,5056.81982421875,5085.35986328125,23703750000
2024-03-07,5165.31005859375,5189.259765625,5091.14013671875,5132.3798828125,20606680000
2024-03-14,5224.6201171875,5226.18994140625,5104.35009765625,5175.14013671875,24574470000
2024-03-21,5248.490234375,5261.10009765625,5203.419921875,5253.43017578125,18636080000
2024-03-28,5211.490234375,5264.85009765625,5184.0498046875,5248.02978515625,14914040000
2024-04-04,5160.64013671875,5256.58984375,5138.7001953125,5244.0498046875,17987250000
2024-04-11,5022.2099609375,5211.77978515625,5007.25,5172.9501953125,19025140000
2024-04-18,5071.6298828125,5089.47998046875,4953.56005859375,5031.52001953125,18726900000
2024-04-25,5018.39013671875,5123.490234375,4990.580078125,5019.8798828125,19636280000
2024-05-02,5187.669921875,5200.22998046875,5011.0498046875,5049.31982421875,19819890000
2024-05-09,5308.14990234375,5311.759765625,5180.41015625,5189.02978515625,20725370000
2024-05-16,5307.009765625,5325.490234375,5283.58984375,5310.06982421875,18325060000
2024-05-23,5266.9501953125,5341.8798828125,5256.93017578125,5340.259765625,14179320000
2024-05-30,5354.02978515625,5354.16015625,5191.68017578125,5259.77001953125,20602190000
2024-06-06,5421.02978515625,5447.25,5327.25,5357.7998046875,18455900000
2024-06-13,5487.02978515625,5490.3798828125,5402.509765625,5441.93017578125,13961200000
2024-06-20,5477.89990234375,5505.52978515625,5446.56005859375,5499.990234375,21473490000
2024-06-27,5537.02001953125,5539.27001953125,5446.52978515625,5473.58984375,19786930000
2024-07-04,5633.91015625,5635.39013671875,5531.6298828125,5537.91015625,13007770000
2024-07-11,5588.27001953125,5669.669921875,5576.52978515625,5635.2099609375,19629910000
2024-07-18,5427.1298828125,5614.0498046875,5419.97998046875,5608.56005859375,18589020000
2024-07-25,5522.2998046875,5551.509765625,5390.9501953125,5428.7001953125,19935510000
2024-08-01,5199.5,5566.16015625,5119.259765625,5537.83984375,24441770000
2024-08-08,5455.2099609375,5463.22021484375,5233.85009765625,5252.56982421875,17922420000
2024-08-15,5620.85009765625,5632.68017578125,5501.1298828125,5501.1298828125,16417140000
2024-08-22,5592.18017578125,5651.6201171875,5560.9501953125,5637.77001953125,15064480000
2024-08-29,5520.06982421875,5651.3701171875,5503.66015625,5607.2998046875,14595980000
2024-09-05,5554.1298828125,5560.41015625,5402.6201171875,5520.080078125,18858020000
2024-09-12,5618.259765625,5689.75,5535.5,5557.47998046875,17727920000
2024-09-19,5722.259765625,5741.02978515625,5674.490234375,5702.6298828125,22918960000
2024-09-26,5709.5400390625,5767.3701171875,5674.0,5762.22021484375,20569670000
2024-10-03,5792.0400390625,5796.7998046875,5677.3701171875,5698.18994140625,17758380000
2024-10-10,5842.47021484375,5871.41015625,5764.759765625,5778.35986328125,16772110000
2024-10-17,5797.419921875,5878.4599609375,5762.41015625,5875.6201171875,17136240000
2024-10-24,5813.669921875,5862.81982421875,5784.919921875,5817.7998046875,18465810000
2024-10-31,5929.0400390625,5936.14013671875,5696.509765625,5775.33984375,21922010000
2024-11-07,5985.3798828125,6017.31005859375,5947.2099609375,5947.2099609375,22389060000
2024-11-14,5917.10986328125,5993.8798828125,5853.009765625,5989.68017578125,20568950000
2024-11-21,5998.740234375,6025.419921875,5887.259765625,5940.580078125,21203200000
2024-11-28,6086.490234375,6089.83984375,6003.97998046875,6003.97998046875,14955280000
2024-12-05,6084.18994140625,6099.97021484375,6029.89013671875,6089.02978515625,21011670000
2024-12-12,5872.16015625,6085.18994140625,5867.7900390625,6074.2900390625,21445530000
2024-12-19,6040.0400390625,6040.10009765625,5832.2998046875,5912.7099609375,18471100000
2024-12-26,5881.6298828125,6049.75,5868.85986328125,6024.97021484375,12625740000
2025-01-02,5918.25,6021.0400390625,5829.52978515625,5903.259765625,21188210000
2025-01-09,5949.91015625,5960.60986328125,5773.31005859375,5890.35009765625,17859980000
2025-01-16,6086.3701171875,6100.81005859375,5930.72021484375,5963.60986328125,17678600000
2025-01-23,6039.31005859375,6128.18017578125,5962.919921875,6076.31982421875,22434200000
2025-01-30,6061.47998046875,6120.91015625,5923.93017578125,6050.75,23442010000
2025-02-06,6051.97021484375,6101.27978515625,6003.0,6072.22021484375,23025620000
2025-02-13,6144.14990234375,6147.43017578125,6050.9501953125,6060.58984375,18346300000
2025-02-20,5956.06005859375,6134.5,5908.490234375,6134.5,25482640000
2025-02-27,5842.6298828125,5993.68994140625,5732.58984375,5981.8798828125,28536750000
2025-03-06,5599.2998046875,5812.080078125,5528.41015625,5785.8701171875,28720660000
2025-03-13,5675.2900390625,5715.330078125,5504.64990234375,5594.4501953125,24240290000
2025-03-20,5712.2001953125,5786.9501953125,5603.10009765625,5646.919921875,27214350000
2025-03-27,5670.97021484375,5732.27978515625,5488.72998046875,5695.64013671875,22852370000
2025-04-03,5456.89990234375,5499.52978515625,4835.0400390625,5492.740234375,41653690000
2025-04-10,5396.6298828125,5459.4599609375,5115.27001953125,5353.14990234375,21628240000
